window_start,btc_open,poly_open,btc_at_30s,poly_at_30s,signal_direction,outcome,won
2026-04-08 22:05 UTC,71471.45,0.545,71454.07,0.78,higher,higher,True
2026-04-08 22:10 UTC,71533.29,0.695,71506.85,0.605,higher,lower,False
2026-04-08 22:20 UTC,71379.3,0.505,71379.3,0.505,lower,lower,True
2026-04-08 22:25 UTC,71307.18,0.635,71307.18,0.685,higher,lower,False
2026-04-08 22:30 UTC,71171.49,0.585,71171.49,0.535,lower,higher,False
2026-04-08 22:35 UTC,71253.58,0.545,71344.45,0.795,higher,higher,True
2026-04-08 22:40 UTC,71326.49,0.525,71316.93,0.505,higher,lower,False
2026-04-08 22:45 UTC,71274.39,0.535,71244.12,0.655,higher,higher,True
2026-04-08 22:50 UTC,71256.77,0.505,71279.53,0.525,higher,lower,False
2026-04-08 22:55 UTC,71168.13,0.535,71139.71,0.695,lower,lower,True
2026-04-08 23:00 UTC,71085.26,0.575,71080.74,0.645,lower,lower,True
2026-04-08 23:05 UTC,70944.77,0.575,70973.48,0.69,higher,higher,True
2026-04-08 23:10 UTC,71037.25,0.575,71013.46,0.79,higher,higher,True
2026-04-08 23:15 UTC,71167.02,0.515,71175.58,0.535,lower,lower,True
2026-04-08 23:20 UTC,71090.71,0.535,71090.71,0.595,higher,lower,False
2026-04-08 23:25 UTC,71009.35,0.565,70999.53,0.525,lower,higher,False
2026-04-08 23:30 UTC,71041.19,0.525,71041.19,0.555,lower,lower,True
2026-04-08 23:35 UTC,71030.4,0.525,71022.07,0.595,higher,higher,True
2026-04-08 23:40 UTC,71077.67,0.515,71068.3,0.625,higher,higher,True
2026-04-08 23:45 UTC,71089.95,0.575,71089.95,0.575,higher,higher,True
2026-04-08 23:50 UTC,71129.73,0.56,71165.84,0.655,higher,lower,False
2026-04-08 23:55 UTC,71109.06,0.505,71118.74,0.535,higher,lower,False
2026-04-09 00:05 UTC,71017.84,0.505,71059.35,0.575,lower,higher,False
2026-04-09 00:10 UTC,71070.65,0.545,71041.16,0.605,lower,lower,True
2026-04-09 00:15 UTC,71026.1,0.505,71006.23,0.565,lower,lower,True
2026-04-09 00:20 UTC,70942.88,0.605,70942.88,0.715,lower,higher,False
2026-04-09 00:25 UTC,70962.68,0.505,70944.47,0.515,higher,lower,False
2026-04-09 00:30 UTC,70967.42,0.54,70912.91,0.76,lower,lower,True
2026-04-09 00:35 UTC,70808.14,0.54,70838.18,0.535,higher,lower,False
2026-04-09 00:40 UTC,70863.57,0.67,70863.57,0.575,higher,higher,True
2026-04-09 00:45 UTC,70794.33,0.555,70794.33,0.56,lower,lower,True
2026-04-09 00:50 UTC,70744.49,0.505,70747.28,0.595,lower,higher,False
2026-04-09 00:55 UTC,70761.9,0.515,70848.89,0.765,higher,higher,True
2026-04-09 01:00 UTC,70843.94,0.595,70864.73,0.715,higher,higher,True
2026-04-09 01:05 UTC,70819.19,0.575,70871.65,0.525,higher,lower,False
2026-04-09 01:10 UTC,70565.76,0.525,70576.74,0.505,lower,higher,False
2026-04-09 01:15 UTC,70649.89,0.515,70665.98,0.535,higher,lower,False
2026-04-09 01:20 UTC,70619.3,0.535,70612.24,0.555,higher,lower,False
2026-04-09 01:25 UTC,70519.0,0.565,70582.62,0.545,higher,higher,True
2026-04-09 01:30 UTC,70586.14,0.595,70631.24,0.525,lower,higher,False
2026-04-09 01:35 UTC,70831.31,0.535,70831.31,0.545,lower,lower,True
2026-04-09 01:40 UTC,70788.5,0.505,70777.03,0.535,lower,lower,True
2026-04-09 01:45 UTC,70760.6,0.515,70760.21,0.535,lower,higher,False
2026-04-09 01:50 UTC,70846.57,0.545,70850.82,0.595,higher,higher,True
2026-04-09 01:55 UTC,70907.93,0.515,70950.71,0.535,lower,lower,True
2026-04-09 02:00 UTC,70920.5,0.555,70932.79,0.645,higher,lower,False
2026-04-09 02:05 UTC,70894.88,0.505,70908.96,0.63,higher,higher,True
2026-04-09 02:10 UTC,70975.83,0.505,70975.83,0.515,lower,lower,True
2026-04-09 02:15 UTC,70844.01,0.505,70843.01,0.635,lower,higher,False
2026-04-09 02:20 UTC,70923.68,0.555,70935.07,0.625,lower,lower,True
2026-04-09 02:25 UTC,70939.68,0.545,70941.69,0.545,higher,higher,True
2026-04-09 02:30 UTC,71052.77,0.535,71023.37,0.515,higher,higher,True
2026-04-09 02:35 UTC,71065.54,0.62,71049.77,0.525,lower,lower,True
2026-04-09 02:40 UTC,71044.92,0.515,71044.92,0.565,lower,higher,False
2026-04-09 02:45 UTC,71014.08,0.665,71000.97,0.72,lower,higher,False
2026-04-09 02:50 UTC,71148.72,0.525,71136.99,0.585,lower,higher,False
2026-04-09 02:55 UTC,71162.12,0.555,71158.52,0.535,lower,lower,True
2026-04-09 03:00 UTC,71052.0,0.535,71062.56,0.625,lower,higher,False
2026-04-09 03:05 UTC,71083.39,0.595,71086.11,0.575,higher,lower,False
2026-04-09 03:10 UTC,71000.91,0.515,71000.91,0.595,lower,lower,True
2026-04-09 03:15 UTC,70981.94,0.515,70989.62,0.505,lower,lower,True
2026-04-09 03:20 UTC,70972.41,0.595,70985.64,0.735,lower,higher,False
2026-04-09 03:25 UTC,70989.36,0.505,70996.17,0.545,lower,lower,True
2026-04-09 05:40 UTC,71083.41,0.635,71083.41,0.785,lower,lower,True
2026-04-09 21:45 UTC,72455.62,0.575,72420.28,0.58,lower,lower,True
2026-04-09 21:50 UTC,72407.06,0.505,72394.0,0.735,lower,lower,True
2026-04-09 21:55 UTC,72302.8,0.505,72302.8,0.535,higher,lower,False
2026-04-09 22:00 UTC,72270.67,0.675,72270.67,0.625,higher,higher,True
2026-04-09 22:15 UTC,72482.63,0.555,72552.81,0.765,higher,higher,True
2026-04-09 22:25 UTC,72792.37,0.66,72790.22,0.675,lower,lower,True
2026-04-09 22:30 UTC,72609.34,0.525,72603.79,0.725,lower,lower,True
2026-04-09 22:35 UTC,72553.94,0.66,72502.24,0.695,lower,lower,True
2026-04-09 22:40 UTC,72384.77,0.545,72360.26,0.735,higher,lower,False
2026-04-09 22:45 UTC,72326.74,0.515,72322.73,0.56,higher,higher,True
2026-04-09 22:50 UTC,72270.45,0.515,72421.65,0.705,lower,lower,True
2026-04-09 22:55 UTC,72200.58,0.525,72229.77,0.515,higher,lower,False
2026-04-09 23:00 UTC,71981.51,0.535,71981.51,0.595,higher,lower,False
2026-04-09 23:05 UTC,71888.84,0.555,71888.84,0.565,higher,higher,True
2026-04-09 23:15 UTC,71811.24,0.535,71794.85,0.565,lower,higher,False
2026-04-09 23:20 UTC,71820.83,0.585,71888.33,0.605,higher,lower,False
2026-04-09 23:25 UTC,71804.16,0.515,71811.09,0.535,lower,lower,True
2026-04-09 23:30 UTC,71812.46,0.605,71812.46,0.875,lower,lower,True
2026-04-09 23:40 UTC,71809.8,0.525,71809.8,0.565,higher,lower,False
2026-04-09 23:45 UTC,71823.61,0.635,71730.87,0.585,lower,higher,False
2026-04-09 23:50 UTC,71752.27,0.585,71780.28,0.68,lower,higher,False
2026-04-09 23:55 UTC,71812.33,0.525,71785.21,0.575,lower,lower,True
2026-04-10 00:00 UTC,71811.93,0.535,71791.32,0.525,lower,higher,False
2026-04-10 00:05 UTC,71813.76,0.545,71817.24,0.495,lower,higher,False
2026-04-10 00:10 UTC,71817.44,0.505,71790.06,0.6,lower,lower,True
2026-04-10 00:20 UTC,71670.11,0.585,71612.7,0.63,higher,higher,True
2026-04-10 00:35 UTC,71889.56,0.535,71909.47,0.66,higher,lower,False
2026-04-10 00:40 UTC,71857.88,0.505,71857.88,0.505,higher,higher,True
2026-04-10 00:45 UTC,71927.43,0.505,71899.76,0.645,lower,higher,False
2026-04-10 00:50 UTC,71972.91,0.505,71952.7,0.605,higher,higher,True
2026-04-10 00:55 UTC,71923.69,0.545,71948.95,0.565,higher,higher,True
2026-04-10 01:00 UTC,71915.36,0.645,71943.89,0.605,lower,lower,True
2026-04-10 01:05 UTC,71877.92,0.585,71882.75,0.755,higher,higher,True
2026-04-10 01:10 UTC,71928.22,0.645,71994.99,0.665,higher,higher,True
2026-04-10 01:15 UTC,72031.93,0.545,72006.7,0.595,higher,higher,True
2026-04-10 01:20 UTC,72023.78,0.505,71991.18,0.635,lower,lower,True
2026-04-10 01:25 UTC,71871.22,0.545,71871.22,0.725,higher,higher,True
2026-04-10 01:30 UTC,71823.23,0.505,71823.23,0.625,higher,higher,True
2026-04-10 01:35 UTC,72156.34,0.505,72156.34,0.525,higher,higher,True
2026-04-10 01:40 UTC,72310.34,0.595,72302.55,0.585,lower,lower,True
2026-04-10 01:45 UTC,72275.95,0.565,72290.88,0.615,lower,lower,True
2026-04-10 02:00 UTC,72166.16,0.525,72178.92,0.615,lower,lower,True
2026-04-10 02:05 UTC,72146.4,0.505,72142.8,0.575,higher,higher,True
2026-04-10 02:10 UTC,72279.55,0.515,72258.33,0.545,lower,lower,True
2026-04-10 02:15 UTC,72234.17,0.505,72234.17,0.625,higher,lower,False
2026-04-10 02:20 UTC,72213.74,0.505,72213.74,0.515,lower,lower,True
2026-04-10 02:25 UTC,72209.56,0.525,72196.0,0.635,higher,lower,False
2026-04-10 02:30 UTC,72183.56,0.545,72195.76,0.545,lower,higher,False
2026-04-10 02:35 UTC,72190.95,0.515,72208.03,0.505,lower,lower,True
2026-04-10 02:40 UTC,72177.77,0.505,72177.77,0.515,lower,lower,True
2026-04-10 02:45 UTC,72153.63,0.525,72145.67,0.535,lower,lower,True
2026-04-10 02:50 UTC,72062.12,0.545,72012.14,0.745,lower,lower,True
2026-04-10 02:55 UTC,71936.46,0.625,71971.71,0.575,lower,lower,True
2026-04-10 03:00 UTC,71968.03,0.58,71968.03,0.695,lower,lower,True
2026-04-10 03:05 UTC,72000.33,0.565,71955.63,0.585,lower,lower,True
2026-04-10 03:10 UTC,71977.07,0.605,71977.07,0.695,higher,lower,False
2026-04-10 03:15 UTC,71897.94,0.545,71897.94,0.545,higher,higher,True
2026-04-10 03:25 UTC,71879.17,0.575,71868.04,0.515,higher,lower,False
2026-04-10 03:30 UTC,71830.75,0.505,71830.79,0.565,higher,higher,True
2026-04-10 03:35 UTC,71920.71,0.545,71920.62,0.745,higher,higher,True
2026-04-10 03:40 UTC,71932.09,0.515,71905.83,0.565,higher,higher,True
2026-04-10 03:45 UTC,71928.57,0.505,71928.57,0.675,higher,lower,False
2026-04-10 03:50 UTC,71889.13,0.505,71858.42,0.695,lower,lower,True
2026-04-10 03:55 UTC,71871.56,0.505,71868.0,0.515,higher,higher,True
2026-04-10 04:00 UTC,71880.27,0.515,71880.27,0.605,higher,higher,True
2026-04-10 04:05 UTC,71909.69,0.535,71929.8,0.685,higher,higher,True
2026-04-10 04:10 UTC,71930.88,0.515,71930.88,0.505,lower,lower,True
2026-04-10 04:15 UTC,71890.81,0.545,71877.98,0.535,higher,higher,True
2026-04-10 04:20 UTC,71902.69,0.535,71902.69,0.615,higher,lower,False
2026-04-10 04:30 UTC,71915.78,0.685,71878.04,0.665,higher,lower,False
2026-04-10 04:35 UTC,71849.09,0.545,71849.09,0.505,lower,higher,False
2026-04-10 04:40 UTC,71911.3,0.515,71908.55,0.615,lower,higher,False
2026-04-10 04:50 UTC,71949.53,0.625,71891.67,0.615,lower,higher,False
2026-04-10 04:55 UTC,72107.91,0.545,72107.91,0.555,lower,higher,False
2026-04-10 05:00 UTC,72065.67,0.535,72139.3,0.565,lower,higher,False
2026-04-10 05:05 UTC,72063.05,0.505,72063.05,0.635,higher,lower,False
2026-04-10 05:10 UTC,72052.34,0.505,72052.34,0.615,lower,higher,False
2026-04-10 05:15 UTC,72052.73,0.535,72064.58,0.505,lower,higher,False
2026-04-10 20:35 UTC,73268.75,0.635,73292.09,0.525,lower,lower,True
2026-04-10 20:40 UTC,73104.21,0.635,73132.21,0.655,higher,higher,True
2026-04-10 20:45 UTC,73270.09,0.535,73270.09,0.605,lower,higher,False
2026-04-11 10:25 UTC,72881.98,0.505,72883.88,0.535,lower,higher,False
2026-04-11 10:30 UTC,72901.73,0.525,72901.73,0.505,lower,lower,True
2026-04-11 10:35 UTC,72898.43,0.515,72899.06,0.695,lower,lower,True
2026-04-11 10:40 UTC,72848.96,0.535,72842.74,0.515,lower,lower,True
2026-04-11 10:45 UTC,72814.45,0.565,72817.67,0.505,lower,higher,False
2026-04-11 10:50 UTC,72818.08,0.565,72818.08,0.715,higher,higher,True
2026-04-11 10:55 UTC,72857.43,0.535,72846.03,0.695,lower,higher,False
2026-04-11 11:00 UTC,72877.5,0.625,72865.27,0.635,lower,higher,False
2026-04-11 11:05 UTC,72876.85,0.525,72878.03,0.625,higher,higher,True
2026-04-11 11:10 UTC,72917.46,0.515,72915.01,0.525,higher,lower,False
2026-04-11 11:15 UTC,72905.44,0.505,72903.14,0.655,higher,lower,False
2026-04-11 11:20 UTC,72888.17,0.505,72881.04,0.545,lower,higher,False
2026-04-11 11:25 UTC,72903.96,0.535,72901.59,0.665,lower,lower,True
2026-04-11 11:30 UTC,72863.43,0.535,72861.5,0.625,lower,higher,False
2026-04-11 11:35 UTC,72874.58,0.505,72869.26,0.515,higher,higher,True
2026-04-11 11:40 UTC,72880.58,0.565,72884.42,0.645,lower,higher,False
2026-04-11 11:45 UTC,72878.5,0.505,72888.44,0.545,lower,higher,False
2026-04-11 11:50 UTC,72883.33,0.525,72891.61,0.555,higher,higher,True
2026-04-11 11:55 UTC,72932.38,0.515,72945.65,0.655,lower,lower,True
2026-04-11 12:00 UTC,72934.01,0.525,72934.09,0.575,lower,higher,False
2026-04-11 12:05 UTC,72953.65,0.515,72953.65,0.645,higher,lower,False
2026-04-11 15:10 UTC,72721.27,0.505,72718.6,0.515,higher,higher,True
2026-04-11 15:15 UTC,72730.13,0.505,72729.04,0.505,lower,higher,False
2026-04-11 15:20 UTC,72834.56,0.505,72808.6,0.555,lower,lower,True
2026-04-11 15:25 UTC,72800.92,0.535,72799.53,0.635,lower,lower,True
2026-04-11 15:30 UTC,72820.62,0.495,72803.29,0.575,higher,higher,True
2026-04-11 15:35 UTC,72814.84,0.51,72819.27,0.535,higher,higher,True
2026-04-11 15:40 UTC,72800.98,0.505,72800.98,0.655,lower,lower,True
2026-04-11 15:45 UTC,72803.41,0.505,72807.24,0.545,lower,lower,True
2026-04-11 15:50 UTC,72820.84,0.535,72820.84,0.655,lower,higher,False
2026-04-11 15:55 UTC,72865.0,0.525,72865.46,0.535,lower,higher,False
2026-04-11 16:10 UTC,72875.92,0.525,72875.92,0.525,higher,higher,True
2026-04-11 16:15 UTC,72906.07,0.525,72905.0,0.515,lower,higher,False
2026-04-11 16:40 UTC,72956.53,0.535,72956.53,0.695,higher,higher,True
2026-04-11 16:45 UTC,73135.22,0.535,73135.22,0.545,lower,higher,False
2026-04-11 16:50 UTC,73191.36,0.58,73196.99,0.595,higher,lower,False
2026-04-11 16:55 UTC,73133.22,0.505,73133.22,0.515,higher,lower,False
2026-04-11 17:00 UTC,73091.45,0.505,73084.28,0.535,higher,lower,False
2026-04-11 17:15 UTC,73057.21,0.515,73057.21,0.655,lower,lower,True
2026-04-11 17:20 UTC,73007.01,0.505,73017.01,0.625,lower,higher,False
2026-04-11 17:25 UTC,73089.51,0.535,73126.78,0.625,lower,lower,True
2026-04-11 17:30 UTC,73091.34,0.515,73128.0,0.695,higher,higher,True
2026-04-11 17:35 UTC,73173.88,0.53,73199.06,0.67,lower,lower,True
2026-04-11 17:40 UTC,73162.78,0.505,73167.14,0.535,higher,higher,True
2026-04-11 17:45 UTC,73185.02,0.545,73187.56,0.545,higher,lower,False
2026-04-11 17:50 UTC,73126.95,0.525,73129.43,0.505,higher,lower,False
2026-04-11 17:55 UTC,73112.28,0.535,73113.22,0.505,lower,higher,False
2026-04-11 18:00 UTC,73112.44,0.595,73107.11,0.735,lower,lower,True
2026-04-11 18:05 UTC,73074.75,0.53,73073.64,0.555,lower,higher,False
2026-04-11 18:10 UTC,73112.89,0.525,73112.89,0.505,higher,higher,True
2026-04-11 18:15 UTC,73131.04,0.49,73153.18,0.675,higher,higher,True
2026-04-11 18:20 UTC,73199.98,0.555,73199.98,0.595,higher,higher,True
2026-04-11 18:25 UTC,73219.55,0.555,73228.79,0.675,higher,higher,True
2026-04-11 18:30 UTC,73220.1,0.505,73231.06,0.595,higher,higher,True
2026-04-11 18:35 UTC,73290.09,0.505,73290.09,0.645,higher,higher,True
2026-04-11 18:40 UTC,73622.84,0.535,73622.84,0.615,lower,lower,True
2026-04-11 18:45 UTC,73498.22,0.515,73510.39,0.625,higher,higher,True
2026-04-11 18:50 UTC,73632.55,0.555,73580.35,0.655,lower,lower,True
2026-04-11 18:55 UTC,73545.67,0.545,73542.69,0.545,lower,higher,False
2026-04-11 19:50 UTC,73679.24,0.52,73679.24,0.635,higher,higher,True
2026-04-11 20:00 UTC,73708.25,0.585,73717.7,0.665,lower,lower,True
2026-04-11 22:35 UTC,73359.34,0.605,73381.66,0.665,higher,lower,False
2026-04-11 22:40 UTC,73293.46,0.555,73319.36,0.625,higher,higher,True
2026-04-11 22:45 UTC,73363.76,0.515,73363.76,0.615,higher,higher,True
2026-04-11 22:50 UTC,73344.52,0.515,73337.68,0.805,lower,lower,True
2026-04-11 22:55 UTC,73303.78,0.595,73303.78,0.885,higher,higher,True
2026-04-11 23:00 UTC,73412.28,0.545,73405.43,0.795,lower,lower,True
2026-04-11 23:05 UTC,73310.4,0.615,73138.0,0.535,higher,lower,False
2026-04-11 23:10 UTC,73002.13,0.605,73011.25,0.665,lower,higher,False
2026-04-11 23:15 UTC,73071.96,0.575,73079.84,0.535,lower,higher,False
2026-04-11 23:20 UTC,73155.47,0.545,73155.47,0.755,higher,higher,True
2026-04-11 23:25 UTC,73230.0,0.545,73230.0,0.525,lower,lower,True
2026-04-11 23:30 UTC,73174.16,0.505,73174.16,0.775,lower,lower,True
2026-04-11 23:35 UTC,73137.05,0.585,73137.05,0.645,lower,higher,False
2026-04-11 23:40 UTC,73195.94,0.625,73155.31,0.565,lower,lower,True
2026-04-11 23:45 UTC,73121.54,0.605,73096.66,0.595,lower,lower,True
2026-04-11 23:50 UTC,73139.1,0.595,73139.1,0.555,lower,lower,True
2026-04-11 23:55 UTC,73054.63,0.515,73058.25,0.745,higher,higher,True
2026-04-12 00:00 UTC,73069.34,0.515,73069.0,0.735,lower,lower,True
2026-04-12 00:05 UTC,72963.08,0.505,72959.8,0.735,higher,higher,True
2026-04-12 00:10 UTC,73033.16,0.505,73032.36,0.525,lower,higher,False
2026-04-12 00:15 UTC,73013.01,0.615,73028.46,0.715,lower,lower,True
2026-04-12 00:20 UTC,72973.3,0.605,72995.33,0.835,higher,higher,True
2026-04-12 00:25 UTC,73134.83,0.535,73115.17,0.505,higher,lower,False
2026-04-12 00:30 UTC,73098.64,0.625,73098.64,0.605,lower,higher,False
2026-04-12 00:35 UTC,73114.49,0.515,73111.5,0.515,higher,lower,False
2026-04-12 00:40 UTC,73093.61,0.555,73057.47,0.645,lower,higher,False
2026-04-12 00:45 UTC,73066.82,0.545,73066.82,0.705,higher,lower,False
2026-04-12 00:50 UTC,73059.01,0.655,73059.01,0.645,higher,higher,True
2026-04-12 00:55 UTC,73079.47,0.555,73079.47,0.515,higher,higher,True
2026-04-12 01:00 UTC,73108.73,0.505,73109.3,0.605,higher,lower,False
2026-04-12 01:05 UTC,73108.31,0.585,73075.37,0.765,lower,higher,False
2026-04-12 01:10 UTC,73068.4,0.505,73111.93,0.705,higher,higher,True
2026-04-12 01:15 UTC,73090.5,0.535,73090.5,0.575,higher,lower,False
2026-04-12 01:20 UTC,73076.27,0.5,73089.64,0.595,lower,lower,True
2026-04-12 01:25 UTC,73080.48,0.505,73063.45,0.625,lower,lower,True
2026-04-12 01:30 UTC,73045.27,0.505,73045.27,0.635,lower,lower,True
2026-04-12 01:35 UTC,72736.92,0.585,72663.04,0.915,lower,lower,True
2026-04-12 01:40 UTC,72293.32,0.525,72293.32,0.695,lower,lower,True
2026-04-12 01:45 UTC,71736.84,0.63,71671.85,0.765,lower,lower,True
2026-04-12 01:50 UTC,71424.9,0.595,71424.9,0.685,lower,higher,False
2026-04-12 01:55 UTC,71611.98,0.535,71704.67,0.655,lower,lower,True
2026-04-12 02:00 UTC,71675.6,0.585,71675.6,0.505,higher,lower,False
2026-04-12 02:05 UTC,71488.35,0.525,71467.73,0.585,lower,higher,False
2026-04-12 02:10 UTC,71609.9,0.505,71623.07,0.825,higher,higher,True
2026-04-12 02:15 UTC,71815.72,0.505,71828.19,0.685,higher,higher,True
2026-04-12 02:20 UTC,71881.49,0.505,71881.49,0.535,lower,lower,True
2026-04-12 02:25 UTC,71769.0,0.505,71800.3,0.655,lower,higher,False
2026-04-12 02:30 UTC,71830.66,0.505,71830.82,0.625,higher,higher,True
2026-04-12 02:35 UTC,71927.59,0.505,71927.59,0.515,higher,lower,False
2026-04-12 02:40 UTC,71889.73,0.505,71889.73,0.525,lower,higher,False
2026-04-12 02:45 UTC,71920.32,0.505,71923.95,0.515,lower,lower,True
2026-04-12 02:50 UTC,71854.85,0.505,71854.85,0.645,higher,lower,False
2026-04-12 02:55 UTC,71859.59,0.535,71859.59,0.62,higher,lower,False
2026-04-12 03:00 UTC,71787.55,0.515,71787.55,0.575,higher,higher,True
2026-04-12 03:05 UTC,71864.7,0.545,71864.87,0.545,lower,lower,True
2026-04-12 03:10 UTC,71768.06,0.515,71768.06,0.615,lower,higher,False
2026-04-12 03:15 UTC,71737.41,0.585,71761.95,0.555,lower,lower,True
2026-04-12 03:20 UTC,71739.11,0.575,71699.83,0.505,lower,lower,True
2026-04-12 03:25 UTC,71667.85,0.535,71658.6,0.705,higher,higher,True
2026-04-12 03:30 UTC,71752.21,0.565,71755.61,0.695,higher,lower,False
2026-04-12 03:35 UTC,71711.35,0.595,71691.65,0.635,higher,higher,True
2026-04-12 03:40 UTC,71655.15,0.505,71689.98,0.505,higher,higher,True
2026-04-12 03:45 UTC,71701.72,0.505,71703.93,0.505,higher,lower,False
2026-04-12 03:50 UTC,71696.29,0.515,71695.94,0.665,higher,higher,True
2026-04-12 03:55 UTC,71705.5,0.535,71670.45,0.515,lower,lower,True
2026-04-12 04:00 UTC,71651.56,0.505,71623.7,0.575,higher,higher,True
2026-04-12 04:05 UTC,71663.92,0.565,71670.02,0.645,higher,lower,False
2026-04-12 04:10 UTC,71595.74,0.625,71611.26,0.58,lower,higher,False
2026-04-12 04:15 UTC,71576.17,0.625,71650.91,0.525,lower,lower,True
2026-04-12 04:20 UTC,71553.21,0.505,71553.07,0.675,higher,higher,True
2026-04-12 04:25 UTC,71558.86,0.535,71567.18,0.635,higher,lower,False
2026-04-12 04:30 UTC,71584.49,0.645,71584.49,0.535,higher,higher,True
2026-04-12 04:35 UTC,71583.99,0.505,71583.99,0.625,lower,lower,True
2026-04-12 04:40 UTC,71585.55,0.515,71585.55,0.54,higher,higher,True
2026-04-12 04:45 UTC,71584.81,0.515,71584.81,0.565,lower,higher,False
2026-04-12 04:50 UTC,71586.13,0.505,71586.15,0.535,lower,lower,True
2026-04-12 04:55 UTC,71511.16,0.615,71511.16,0.555,lower,lower,True
2026-04-12 05:00 UTC,71493.06,0.525,71507.43,0.635,lower,higher,False
2026-04-12 05:05 UTC,71528.58,0.525,71525.56,0.605,lower,higher,False
2026-04-12 05:10 UTC,71580.28,0.565,71582.43,0.515,lower,lower,True
2026-04-12 05:15 UTC,71539.75,0.505,71536.7,0.595,higher,higher,True
2026-04-12 05:20 UTC,71555.6,0.515,71552.26,0.615,higher,higher,True
2026-04-12 05:25 UTC,71673.95,0.545,71673.95,0.595,lower,higher,False
2026-04-12 05:30 UTC,71679.63,0.58,71693.46,0.555,higher,lower,False
2026-04-12 05:35 UTC,71734.97,0.545,71685.42,0.585,lower,higher,False
2026-04-12 05:40 UTC,71684.74,0.505,71684.86,0.525,lower,lower,True
2026-04-12 05:45 UTC,71676.73,0.515,71681.65,0.505,higher,higher,True
2026-04-12 05:50 UTC,71752.32,0.525,71769.1,0.645,lower,lower,True
2026-04-12 05:55 UTC,71722.72,0.505,71734.1,0.535,higher,higher,True
2026-04-12 06:00 UTC,71735.17,0.525,71735.17,0.535,lower,higher,False
2026-04-12 06:05 UTC,71746.31,0.515,71749.51,0.545,higher,lower,False
2026-04-12 06:10 UTC,71748.95,0.505,71733.89,0.505,lower,higher,False
2026-04-12 06:15 UTC,71768.56,0.545,71762.52,0.625,lower,lower,True
2026-04-12 06:20 UTC,71720.2,0.515,71721.16,0.535,lower,higher,False
2026-04-12 06:25 UTC,71709.3,0.545,71721.62,0.535,lower,higher,False
2026-04-12 06:30 UTC,71736.88,0.615,71732.59,0.675,lower,lower,True
2026-04-12 06:35 UTC,71686.33,0.515,71682.53,0.555,lower,higher,False
2026-04-12 06:40 UTC,71688.8,0.515,71689.79,0.575,lower,lower,True
2026-04-12 06:45 UTC,71687.75,0.505,71692.11,0.575,higher,lower,False
2026-04-12 06:50 UTC,71682.83,0.505,71693.74,0.725,higher,higher,True
2026-04-12 06:55 UTC,71692.2,0.505,71683.97,0.535,lower,lower,True
2026-04-12 07:00 UTC,71677.33,0.715,71670.95,0.745,lower,lower,True
2026-04-12 07:05 UTC,71646.79,0.525,71627.08,0.625,lower,higher,False
2026-04-12 07:10 UTC,71663.22,0.505,71663.22,0.615,higher,lower,False
2026-04-12 07:15 UTC,71661.33,0.615,71661.33,0.625,higher,higher,True
2026-04-12 07:20 UTC,71648.28,0.515,71657.21,0.635,lower,lower,True
2026-04-12 07:25 UTC,71657.34,0.505,71644.76,0.615,lower,higher,False
2026-04-12 07:30 UTC,71655.88,0.515,71654.89,0.545,lower,higher,False
2026-04-12 07:35 UTC,71670.66,0.505,71670.66,0.505,lower,higher,False
2026-04-12 07:40 UTC,71744.43,0.515,71745.71,0.545,higher,higher,True
2026-04-12 07:45 UTC,71768.12,0.555,71769.17,0.575,lower,lower,True
2026-04-12 07:50 UTC,71726.61,0.505,71726.61,0.565,lower,higher,False
2026-04-12 07:55 UTC,71761.43,0.535,71761.43,0.565,lower,lower,True
2026-04-12 08:00 UTC,71713.62,0.645,71713.62,0.555,higher,lower,False
2026-04-12 08:05 UTC,71677.34,0.615,71687.94,0.725,higher,higher,True
2026-04-12 08:10 UTC,71677.33,0.565,71685.29,0.545,lower,lower,True
2026-04-12 08:15 UTC,71687.0,0.505,71687.0,0.695,higher,lower,False
2026-04-12 08:20 UTC,71678.92,0.515,71678.92,0.515,higher,higher,True
2026-04-12 08:25 UTC,71726.62,0.515,71731.73,0.525,higher,lower,False
2026-04-12 08:30 UTC,71730.03,0.505,71727.05,0.615,lower,lower,True
2026-04-12 08:35 UTC,71721.64,0.505,71720.12,0.5,higher,higher,True
2026-04-12 08:40 UTC,71762.34,0.505,71768.41,0.575,higher,higher,True
2026-04-12 08:45 UTC,71770.54,0.505,71770.46,0.755,lower,lower,True
2026-04-12 08:50 UTC,71663.95,0.525,71656.56,0.505,higher,lower,False
2026-04-12 08:55 UTC,71642.08,0.555,71642.08,0.565,higher,higher,True
2026-04-12 09:00 UTC,71663.0,0.525,71655.13,0.505,higher,lower,False
2026-04-12 09:05 UTC,71589.0,0.525,71596.94,0.545,higher,higher,True
2026-04-12 09:10 UTC,71599.77,0.515,71598.49,0.635,higher,higher,True
2026-04-12 09:15 UTC,71604.15,0.555,71617.94,0.525,higher,higher,True
2026-04-12 09:20 UTC,71629.47,0.505,71627.72,0.665,lower,higher,False
2026-04-12 09:25 UTC,71626.42,0.515,71645.47,0.505,higher,lower,False
2026-04-12 09:30 UTC,71648.92,0.515,71625.08,0.555,higher,higher,True
2026-04-12 09:35 UTC,71640.8,0.505,71655.76,0.515,lower,higher,False
2026-04-12 09:40 UTC,71628.88,0.505,71655.8,0.595,lower,lower,True
2026-04-12 09:45 UTC,71593.05,0.525,71595.54,0.505,lower,lower,True
2026-04-12 09:50 UTC,71556.64,0.535,71556.75,0.625,higher,higher,True
2026-04-12 09:55 UTC,71572.76,0.505,71575.72,0.555,higher,lower,False
2026-04-12 10:00 UTC,71565.65,0.525,71565.65,0.695,lower,lower,True
2026-04-12 10:05 UTC,71554.39,0.505,71582.81,0.77,higher,higher,True
2026-04-12 10:10 UTC,71706.52,0.505,71695.07,0.645,lower,lower,True
2026-04-12 10:15 UTC,71653.18,0.515,71659.07,0.605,higher,higher,True
2026-04-12 10:20 UTC,71672.8,0.505,71673.62,0.505,higher,higher,True
2026-04-12 10:25 UTC,71680.43,0.515,71677.6,0.665,lower,lower,True
2026-04-12 10:30 UTC,71644.21,0.525,71629.71,0.555,lower,lower,True
2026-04-12 10:35 UTC,71625.52,0.505,71624.45,0.545,higher,lower,False
2026-04-12 10:40 UTC,71576.62,0.545,71576.62,0.56,higher,lower,False
2026-04-12 10:45 UTC,71546.67,0.545,71549.94,0.545,higher,lower,False
2026-04-12 10:50 UTC,71513.84,0.565,71525.53,0.605,higher,lower,False
2026-04-12 10:55 UTC,71406.86,0.595,71406.86,0.515,higher,higher,True
2026-04-12 11:00 UTC,71485.75,0.515,71485.75,0.535,lower,lower,True
2026-04-12 11:50 UTC,71473.59,0.505,71473.59,0.665,higher,higher,True
2026-04-12 11:55 UTC,71500.79,0.585,71501.92,0.575,lower,lower,True
2026-04-12 12:00 UTC,71501.63,0.545,71471.32,0.585,lower,lower,True
2026-04-12 12:05 UTC,71427.15,0.645,71410.54,0.605,lower,lower,True
2026-04-12 12:10 UTC,71397.89,0.615,71400.35,0.805,higher,higher,True
2026-04-12 12:15 UTC,71428.19,0.515,71428.19,0.575,higher,higher,True
2026-04-12 12:20 UTC,71444.82,0.525,71452.18,0.625,lower,lower,True
2026-04-12 12:25 UTC,71451.0,0.525,71451.0,0.655,higher,lower,False
2026-04-12 12:30 UTC,71442.79,0.525,71442.79,0.535,lower,lower,True
2026-04-12 12:35 UTC,71399.64,0.545,71388.67,0.51,higher,higher,True
2026-04-12 12:40 UTC,71520.26,0.535,71502.1,0.525,lower,higher,False
2026-04-12 12:45 UTC,71517.83,0.515,71517.83,0.505,lower,lower,True
2026-04-12 12:50 UTC,71473.33,0.535,71451.66,0.615,lower,lower,True
2026-04-12 12:55 UTC,71155.99,0.55,71195.79,0.625,higher,lower,False
2026-04-12 13:00 UTC,71189.68,0.52,71107.52,0.52,lower,lower,True
2026-04-12 13:05 UTC,70996.98,0.57,71027.22,0.675,higher,higher,True
2026-04-12 13:10 UTC,71130.39,0.515,71149.81,0.715,lower,lower,True
2026-04-12 13:15 UTC,71019.94,0.525,71019.94,0.615,higher,higher,True
2026-04-12 13:20 UTC,71092.59,0.505,71078.04,0.595,higher,higher,True
2026-04-12 13:25 UTC,71119.8,0.535,71119.8,0.505,higher,lower,False
2026-04-12 13:30 UTC,71083.86,0.52,71083.86,0.505,higher,higher,True
2026-04-12 13:35 UTC,71087.86,0.515,71097.85,0.535,higher,lower,False
2026-04-12 13:40 UTC,71001.1,0.505,70980.0,0.635,lower,higher,False
2026-04-12 13:45 UTC,71011.77,0.525,71011.77,0.545,lower,higher,False
2026-04-12 13:50 UTC,71011.39,0.515,71011.39,0.505,higher,lower,False
2026-04-12 13:55 UTC,70928.94,0.525,70928.94,0.625,lower,lower,True
2026-04-12 14:00 UTC,70916.21,0.535,70915.74,0.515,lower,higher,False
2026-04-12 14:20 UTC,71050.59,0.52,71023.74,0.765,lower,higher,False
2026-04-12 14:25 UTC,71109.33,0.505,71099.88,0.685,lower,higher,False
2026-04-12 14:30 UTC,71105.2,0.515,71106.32,0.505,lower,lower,True
2026-04-12 14:35 UTC,71067.15,0.505,71067.15,0.505,lower,lower,True
2026-04-12 14:40 UTC,71030.19,0.505,70946.13,0.585,higher,lower,False
2026-04-12 14:45 UTC,70861.76,0.555,70876.1,0.585,lower,lower,True
2026-04-12 15:45 UTC,70902.53,0.535,70902.53,0.705,lower,higher,False
2026-04-12 15:50 UTC,70918.96,0.565,70918.2,0.515,lower,higher,False
2026-04-12 15:55 UTC,70940.28,0.605,70925.02,0.785,lower,lower,True
2026-04-12 16:00 UTC,70909.76,0.645,70918.31,0.735,lower,higher,False
